Name	SWScore	Exscore	BitScore	Expect	SeqIndex
"sp|Q80Z64|NANOG_MOUSE Homeobox protein NANOG OS=Mus musculus OX=10090 GN=Nanog PE=1 SV=1"	320.0	320.0	nan	0.00000E+00	141412
"sp|Q80Z64|NANOG_MOUSE Homeobox protein NANOG OS=Mus musculus OX=10090 GN=Nanog PE=1 SV=1"	320.0	320.0	nan	0.00000E+00	141412
"sp|Q5TM83|NANOG_MUSMM Homeobox protein NANOG OS=Mus musculus molossinus OX=57486 GN=Nanog PE=2 SV=1"	311.0	311.0	nan	0.00000E+00	141413
"sp|Q5TM83|NANOG_MUSMM Homeobox protein NANOG OS=Mus musculus molossinus OX=57486 GN=Nanog PE=2 SV=1"	311.0	311.0	nan	0.00000E+00	141413
"sp|A1YG92|NANG2_PANPA Putative homeobox protein NANOG2 OS=Pan paniscus OX=9597 GN=NANOGP1 PE=5 SV=1"	103.0	81.0	53	7.55209E-06	141356
"sp|A2T763|NANG2_PANTR Putative homeobox protein NANOG2 OS=Pan troglodytes OX=9598 GN=NANOGP1 PE=5 SV=1"	103.0	81.0	53	7.55209E-06	141357
"sp|Q3LTE0|NANOG_PANTR Homeobox protein NANOG OS=Pan troglodytes OX=9598 GN=NANOG PE=3 SV=1"	103.0	81.0	53	7.55209E-06	141414
"sp|A1YG92|NANG2_PANPA Putative homeobox protein NANOG2 OS=Pan paniscus OX=9597 GN=NANOGP1 PE=5 SV=1"	103.0	81.0	53	7.55209E-06	141356
"sp|A2T763|NANG2_PANTR Putative homeobox protein NANOG2 OS=Pan troglodytes OX=9598 GN=NANOGP1 PE=5 SV=1"	103.0	81.0	53	7.55209E-06	141357
"sp|Q3LTE0|NANOG_PANTR Homeobox protein NANOG OS=Pan troglodytes OX=9598 GN=NANOG PE=3 SV=1"	103.0	81.0	53	7.55209E-06	141414
"sp|Q9H9S0|NANOG_HUMAN Homeobox protein NANOG OS=Homo sapiens OX=9606 GN=NANOG PE=1 SV=2"	100.0	81.0	52	1.21798E-05	141410
"sp|Q9H9S0|NANOG_HUMAN Homeobox protein NANOG OS=Homo sapiens OX=9606 GN=NANOG PE=1 SV=2"	100.0	81.0	52	1.21798E-05	141410
"sp|Q6NSW7|NANP8_HUMAN Homeobox protein NANOGP8 OS=Homo sapiens OX=9606 GN=NANOGP8 PE=2 SV=2"	95.0	76.0	51	2.70140E-05	141416
"sp|Q6NSW7|NANP8_HUMAN Homeobox protein NANOGP8 OS=Homo sapiens OX=9606 GN=NANOGP8 PE=2 SV=2"	95.0	76.0	51	2.70140E-05	141416
"sp|Q8N7R0|NANG2_HUMAN Putative homeobox protein NANOG2 OS=Homo sapiens OX=9606 GN=NANOGP1 PE=5 SV=1"	94.0	78.0	51	3.16795E-05	141355
"sp|Q8N7R0|NANG2_HUMAN Putative homeobox protein NANOG2 OS=Homo sapiens OX=9606 GN=NANOGP1 PE=5 SV=1"	94.0	78.0	51	3.16795E-05	141355
"sp|Q4JM65|NANOG_BOVIN Homeobox protein NANOG OS=Bos taurus OX=9913 GN=NANOG PE=2 SV=1"	93.0	73.0	51	3.71508E-05	141409
"sp|Q4JM65|NANOG_BOVIN Homeobox protein NANOG OS=Bos taurus OX=9913 GN=NANOG PE=2 SV=1"	93.0	73.0	51	3.71508E-05	141409
"sp|Q5TM84|NANOG_MACFA Homeobox protein NANOG OS=Macaca fascicularis OX=9541 GN=NANOG PE=2 SV=1"	87.0	78.0	49	9.66251E-05	141411
"sp|Q5TM84|NANOG_MACFA Homeobox protein NANOG OS=Macaca fascicularis OX=9541 GN=NANOG PE=2 SV=1"	87.0	78.0	49	9.66251E-05	141411
"sp|Q05186|RCN1_MOUSE Reticulocalbin-1 OS=Mus musculus OX=10090 GN=Rcn1 PE=1 SV=1"	61.0	61.0	44	0.00605	181882
"sp|Q05186|RCN1_MOUSE Reticulocalbin-1 OS=Mus musculus OX=10090 GN=Rcn1 PE=1 SV=1"	61.0	61.0	44	0.00605	181882
"sp|Q057C9|RPOA_BUCCC DNA-directed RNA polymerase subunit alpha OS=Buchnera aphidicola subsp. Cinara cedri (strain Cc) OX=372461 GN=rpoA PE=3 SV=1"	61.0	54.0	44	0.00605	197686
"sp|Q057C9|RPOA_BUCCC DNA-directed RNA polymerase subunit alpha OS=Buchnera aphidicola subsp. Cinara cedri (strain Cc) OX=372461 GN=rpoA PE=3 SV=1"	61.0	54.0	44	0.00605	197686
"sp|Q4WVV6|MDM10_ASPFU Mitochondrial distribution and morphology protein 10 OS=Aspergillus fumigatus (strain ATCC MYA-4609 / CBS 101355 / FGSC A1100 / Af293) OX=330879 GN=mdmB PE=3 SV=1"	60.0	60.0	43	0.00708	123585
"sp|Q4WVV6|MDM10_ASPFU Mitochondrial distribution and morphology protein 10 OS=Aspergillus fumigatus (strain ATCC MYA-4609 / CBS 101355 / FGSC A1100 / Af293) OX=330879 GN=mdmB PE=3 SV=1"	60.0	60.0	43	0.00708	123585
"sp|B0Y240|MDM10_ASPFC Mitochondrial distribution and morphology protein 10 OS=Aspergillus fumigatus (strain CBS 144.89 / FGSC A1163 / CEA10) OX=451804 GN=mdmB PE=3 SV=1"	59.0	59.0	43	0.00830	123583
"sp|B0Y240|MDM10_ASPFC Mitochondrial distribution and morphology protein 10 OS=Aspergillus fumigatus (strain CBS 144.89 / FGSC A1163 / CEA10) OX=451804 GN=mdmB PE=3 SV=1"	59.0	59.0	43	0.00830	123583
"sp|A2R3N6|MDM10_ASPNC Mitochondrial distribution and morphology protein 10 OS=Aspergillus niger (strain ATCC MYA-4892 / CBS 513.88 / FGSC A1513) OX=425011 GN=mdmB PE=3 SV=1"	57.0	57.0	43	0.01137	123586
"sp|P47655|Y415_MYCGE Uncharacterized protein MG415 OS=Mycoplasma genitalium (strain ATCC 33530 / DSM 19775 / NCTC 10195 / G37) OX=243273 GN=MG415 PE=3 SV=2"	57.0	57.0	43	0.01137	263731
"sp|A2R3N6|MDM10_ASPNC Mitochondrial distribution and morphology protein 10 OS=Aspergillus niger (strain ATCC MYA-4892 / CBS 513.88 / FGSC A1513) OX=425011 GN=mdmB PE=3 SV=1"	57.0	57.0	43	0.01137	123586
"sp|P47655|Y415_MYCGE Uncharacterized protein MG415 OS=Mycoplasma genitalium (strain ATCC 33530 / DSM 19775 / NCTC 10195 / G37) OX=243273 GN=MG415 PE=3 SV=2"	57.0	57.0	43	0.01137	263731
"sp|B8NM08|MDM10_ASPFN Mitochondrial distribution and morphology protein 10 OS=Aspergillus flavus (strain ATCC 200026 / FGSC A1120 / IAM 13836 / NRRL 3357 / JCM 12722 / SRRC 167) OX=332952 GN=mdmB PE=3 SV=1"	56.0	56.0	42	0.01331	123584
"sp|Q2U5V7|MDM10_ASPOR Mitochondrial distribution and morphology protein 10 OS=Aspergillus oryzae (strain ATCC 42149 / RIB 40) OX=510516 GN=mdmB PE=3 SV=1"	56.0	56.0	42	0.01331	123587
"sp|Q15293|RCN1_HUMAN Reticulocalbin-1 OS=Homo sapiens OX=9606 GN=RCN1 PE=1 SV=1"	56.0	56.0	42	0.01331	181881
"sp|B8NM08|MDM10_ASPFN Mitochondrial distribution and morphology protein 10 OS=Aspergillus flavus (strain ATCC 200026 / FGSC A1120 / IAM 13836 / NRRL 3357 / JCM 12722 / SRRC 167) OX=332952 GN=mdmB PE=3 SV=1"	56.0	56.0	42	0.01331	123584
"sp|Q2U5V7|MDM10_ASPOR Mitochondrial distribution and morphology protein 10 OS=Aspergillus oryzae (strain ATCC 42149 / RIB 40) OX=510516 GN=mdmB PE=3 SV=1"	56.0	56.0	42	0.01331	123587
"sp|Q15293|RCN1_HUMAN Reticulocalbin-1 OS=Homo sapiens OX=9606 GN=RCN1 PE=1 SV=1"	56.0	56.0	42	0.01331	181881
"sp|Q0S2G8|SYE_RHOJR Glutamate--tRNA ligase OS=Rhodococcus jostii (strain RHA1) OX=101510 GN=gltX PE=3 SV=1"	56.0	55.0	42	0.01331	224784
"sp|Q0S2G8|SYE_RHOJR Glutamate--tRNA ligase OS=Rhodococcus jostii (strain RHA1) OX=101510 GN=gltX PE=3 SV=1"	56.0	55.0	42	0.01331	224784
"sp|Q658P3|STEA3_HUMAN Metalloreductase STEAP3 OS=Homo sapiens OX=9606 GN=STEAP3 PE=1 SV=2"	56.0	49.0	42	0.01331	220622
"sp|Q658P3|STEA3_HUMAN Metalloreductase STEAP3 OS=Homo sapiens OX=9606 GN=STEAP3 PE=1 SV=2"	56.0	49.0	42	0.01331	220622
"sp|A1DDI7|MDM10_NEOFI Mitochondrial distribution and morphology protein 10 OS=Neosartorya fischeri (strain ATCC 1020 / DSM 3700 / CBS 544.65 / FGSC A1164 / JCM 1740 / NRRL 181 / WB 181) OX=331117 GN=mdmB PE=3 SV=1"	55.0	55.0	42	0.01557	123609
"sp|A1DDI7|MDM10_NEOFI Mitochondrial distribution and morphology protein 10 OS=Neosartorya fischeri (strain ATCC 1020 / DSM 3700 / CBS 544.65 / FGSC A1164 / JCM 1740 / NRRL 181 / WB 181) OX=331117 GN=mdmB PE=3 SV=1"	55.0	55.0	42	0.01557	123609
"sp|O78413|RK1_GUITH Large ribosomal subunit protein uL1c OS=Guillardia theta OX=55529 GN=rpl1 PE=3 SV=1"	54.0	54.0	42	0.01822	187863
"sp|O78413|RK1_GUITH Large ribosomal subunit protein uL1c OS=Guillardia theta OX=55529 GN=rpl1 PE=3 SV=1"	54.0	54.0	42	0.01822	187863
"sp|O33120|SYE_MYCLE Glutamate--tRNA ligase OS=Mycobacterium leprae (strain TN) OX=272631 GN=gltX PE=3 SV=1"	54.0	51.0	42	0.01822	224683
"sp|O33120|SYE_MYCLE Glutamate--tRNA ligase OS=Mycobacterium leprae (strain TN) OX=272631 GN=gltX PE=3 SV=1"	54.0	51.0	42	0.01822	224683
"sp|B4SAM9|SAT_PELPB Sulfate adenylyltransferase OS=Pelodictyon phaeoclathratiforme (strain DSM 5477 / BU-1) OX=324925 GN=sat PE=3 SV=1"	53.0	52.0	42	0.02129	210129
"sp|B4SAM9|SAT_PELPB Sulfate adenylyltransferase OS=Pelodictyon phaeoclathratiforme (strain DSM 5477 / BU-1) OX=324925 GN=sat PE=3 SV=1"	53.0	52.0	42	0.02129	210129
"sp|P29466|CASP1_HUMAN Caspase-1 OS=Homo sapiens OX=9606 GN=CASP1 PE=1 SV=1"	53.0	51.0	42	0.02129	28636
"sp|P29466|CASP1_HUMAN Caspase-1 OS=Homo sapiens OX=9606 GN=CASP1 PE=1 SV=1"	53.0	51.0	42	0.02129	28636
"sp|Q8KE30|SAT_CHLTE Sulfate adenylyltransferase OS=Chlorobaculum tepidum (strain ATCC 49652 / DSM 12025 / NBRC 103806 / TLS) OX=194439 GN=sat PE=3 SV=1"	53.0	49.0	42	0.02129	210108
"sp|Q8KE30|SAT_CHLTE Sulfate adenylyltransferase OS=Chlorobaculum tepidum (strain ATCC 49652 / DSM 12025 / NBRC 103806 / TLS) OX=194439 GN=sat PE=3 SV=1"	53.0	49.0	42	0.02129	210108
"sp|Q7U9G9|SYI_PARMW Isoleucine--tRNA ligase OS=Parasynechococcus marenigrum (strain WH8102) OX=84588 GN=ileS PE=3 SV=1"	53.0	48.0	42	0.02129	227092
"sp|Q7U9G9|SYI_PARMW Isoleucine--tRNA ligase OS=Parasynechococcus marenigrum (strain WH8102) OX=84588 GN=ileS PE=3 SV=1"	53.0	48.0	42	0.02129	227092
"sp|A1CBT0|MDM10_ASPCL Mitochondrial distribution and morphology protein 10 OS=Aspergillus clavatus (strain ATCC 1007 / CBS 513.65 / DSM 816 / NCTC 3887 / NRRL 1 / QM 1276 / 107) OX=344612 GN=mdmB PE=3 SV=1"	52.0	52.0	41	0.02488	123582
"sp|A1CBT0|MDM10_ASPCL Mitochondrial distribution and morphology protein 10 OS=Aspergillus clavatus (strain ATCC 1007 / CBS 513.65 / DSM 816 / NCTC 3887 / NRRL 1 / QM 1276 / 107) OX=344612 GN=mdmB PE=3 SV=1"	52.0	52.0	41	0.02488	123582
"sp|O42130|TOP2A_CHICK DNA topoisomerase 2-alpha OS=Gallus gallus OX=9031 GN=TOP2A PE=2 SV=2"	52.0	50.0	41	0.02488	239806
"sp|O42130|TOP2A_CHICK DNA topoisomerase 2-alpha OS=Gallus gallus OX=9031 GN=TOP2A PE=2 SV=2"	52.0	50.0	41	0.02488	239806
"sp|P52387|CVC2_HHV6U Capsid vertex component 2 OS=Human herpesvirus 6A (strain Uganda-1102) OX=10370 GN=CVC2 PE=3 SV=1"	51.0	51.0	41	0.02905	43696
"sp|P52537|CVC2_HHV6Z Capsid vertex component 2 OS=Human herpesvirus 6B (strain Z29) OX=36351 GN=CVC2 PE=3 SV=1"	51.0	51.0	41	0.02905	43697
"sp|P52536|UL25_HHV6G Virion-packaging protein UL25 homolog (Fragment) OS=Human herpesvirus 6A (strain GS) OX=10369 GN=U50 PE=3 SV=1"	51.0	51.0	41	0.02905	249027
"sp|Q68DE3|USF3_HUMAN Basic helix-loop-helix domain-containing protein USF3 OS=Homo sapiens OX=9606 GN=USF3 PE=1 SV=4"	51.0	51.0	41	0.02905	251362
"sp|Q9NX94|WBP1L_HUMAN WW domain binding protein 1-like OS=Homo sapiens OX=9606 GN=WBP1L PE=1 SV=2"	51.0	51.0	41	0.02905	256478
"sp|P0C1G7|WBP1L_RAT WW domain binding protein 1-like OS=Rattus norvegicus OX=10116 GN=Wbp1l PE=3 SV=1"	51.0	51.0	41	0.02905	256480
"sp|O84075|Y072_CHLTR Putative zinc metalloprotease CT_072 OS=Chlamydia trachomatis serovar D (strain ATCC VR-885 / DSM 19411 / UW-3/Cx) OX=272561 GN=CT_072 PE=3 SV=1"	51.0	51.0	41	0.02905	259149
"sp|P52387|CVC2_HHV6U Capsid vertex component 2 OS=Human herpesvirus 6A (strain Uganda-1102) OX=10370 GN=CVC2 PE=3 SV=1"	51.0	51.0	41	0.02905	43696
"sp|P52537|CVC2_HHV6Z Capsid vertex component 2 OS=Human herpesvirus 6B (strain Z29) OX=36351 GN=CVC2 PE=3 SV=1"	51.0	51.0	41	0.02905	43697
"sp|P52536|UL25_HHV6G Virion-packaging protein UL25 homolog (Fragment) OS=Human herpesvirus 6A (strain GS) OX=10369 GN=U50 PE=3 SV=1"	51.0	51.0	41	0.02905	249027
"sp|Q68DE3|USF3_HUMAN Basic helix-loop-helix domain-containing protein USF3 OS=Homo sapiens OX=9606 GN=USF3 PE=1 SV=4"	51.0	51.0	41	0.02905	251362
"sp|Q9NX94|WBP1L_HUMAN WW domain binding protein 1-like OS=Homo sapiens OX=9606 GN=WBP1L PE=1 SV=2"	51.0	51.0	41	0.02905	256478
"sp|P0C1G7|WBP1L_RAT WW domain binding protein 1-like OS=Rattus norvegicus OX=10116 GN=Wbp1l PE=3 SV=1"	51.0	51.0	41	0.02905	256480
"sp|O84075|Y072_CHLTR Putative zinc metalloprotease CT_072 OS=Chlamydia trachomatis serovar D (strain ATCC VR-885 / DSM 19411 / UW-3/Cx) OX=272561 GN=CT_072 PE=3 SV=1"	51.0	51.0	41	0.02905	259149
"sp|Q5UPQ1|YR762_MIMIV Uncharacterized protein R762 OS=Acanthamoeba polyphaga mimivirus OX=212035 GN=MIMI_R762 PE=4 SV=1"	51.0	49.0	41	0.02905	271793
"sp|Q5UPQ1|YR762_MIMIV Uncharacterized protein R762 OS=Acanthamoeba polyphaga mimivirus OX=212035 GN=MIMI_R762 PE=4 SV=1"	51.0	49.0	41	0.02905	271793
"sp|Q8DM27|RL1_THEVB Large ribosomal subunit protein uL1 OS=Thermosynechococcus vestitus (strain NIES-2133 / IAM M-273 / BP-1) OX=197221 GN=rplA PE=3 SV=1"	50.0	50.0	41	0.03390	189630
"sp|A5W4B6|URE1_PSEP1 Urease subunit alpha OS=Pseudomonas putida (strain ATCC 700007 / DSM 6899 / JCM 31910 / BCRC 17059 / LMG 24140 / F1) OX=351746 GN=ureC PE=3 SV=1"	50.0	50.0	41	0.03390	250241
"sp|B0KUZ7|URE1_PSEPG Urease subunit alpha OS=Pseudomonas putida (strain GB-1) OX=76869 GN=ureC PE=3 SV=1"	50.0	50.0	41	0.03390	250243
"sp|Q88J04|URE1_PSEPK Urease subunit alpha OS=Pseudomonas putida (strain ATCC 47054 / DSM 6125 / CFBP 8728 / NCIMB 11950 / KT2440) OX=160488 GN=ureC PE=3 SV=1"	50.0	50.0	41	0.03390	250244
"sp|Q2YSA8|Y504_STAAB Uncharacterized epimerase/dehydratase SAB0504 OS=Staphylococcus aureus (strain bovine RF122 / ET3-1) OX=273036 GN=SAB0504 PE=3 SV=1"	50.0	50.0	41	0.03390	264378
"sp|Q8DM27|RL1_THEVB Large ribosomal subunit protein uL1 OS=Thermosynechococcus vestitus (strain NIES-2133 / IAM M-273 / BP-1) OX=197221 GN=rplA PE=3 SV=1"	50.0	50.0	41	0.03390	189630
"sp|A5W4B6|URE1_PSEP1 Urease subunit alpha OS=Pseudomonas putida (strain ATCC 700007 / DSM 6899 / JCM 31910 / BCRC 17059 / LMG 24140 / F1) OX=351746 GN=ureC PE=3 SV=1"	50.0	50.0	41	0.03390	250241
"sp|B0KUZ7|URE1_PSEPG Urease subunit alpha OS=Pseudomonas putida (strain GB-1) OX=76869 GN=ureC PE=3 SV=1"	50.0	50.0	41	0.03390	250243
"sp|Q88J04|URE1_PSEPK Urease subunit alpha OS=Pseudomonas putida (strain ATCC 47054 / DSM 6125 / CFBP 8728 / NCIMB 11950 / KT2440) OX=160488 GN=ureC PE=3 SV=1"	50.0	50.0	41	0.03390	250244
"sp|Q2YSA8|Y504_STAAB Uncharacterized epimerase/dehydratase SAB0504 OS=Staphylococcus aureus (strain bovine RF122 / ET3-1) OX=273036 GN=SAB0504 PE=3 SV=1"	50.0	50.0	41	0.03390	264378
"sp|Q3A3G8|RSMA_SYNC1 Ribosomal RNA small subunit methyltransferase A OS=Syntrophotalea carbinolica (strain DSM 2380 / NBRC 103641 / GraBd1) OX=338963 GN=rsmA PE=3 SV=1"	50.0	49.0	41	0.03390	205963
"sp|Q3AQ83|SAT_CHLCH Sulfate adenylyltransferase OS=Chlorobium chlorochromatii (strain CaD3) OX=340177 GN=sat PE=3 SV=1"	50.0	49.0	41	0.03390	210105
"sp|B3R678|SYM_CUPTR Methionine--tRNA ligase OS=Cupriavidus taiwanensis (strain DSM 17343 / BCRC 17206 / CCUG 44338 / CIP 107171 / LMG 19424 / R1) OX=977880 GN=metG PE=3 SV=1"	50.0	49.0	41	0.03390	228464
"sp|Q3A3G8|RSMA_SYNC1 Ribosomal RNA small subunit methyltransferase A OS=Syntrophotalea carbinolica (strain DSM 2380 / NBRC 103641 / GraBd1) OX=338963 GN=rsmA PE=3 SV=1"	50.0	49.0	41	0.03390	205963
"sp|Q3AQ83|SAT_CHLCH Sulfate adenylyltransferase OS=Chlorobium chlorochromatii (strain CaD3) OX=340177 GN=sat PE=3 SV=1"	50.0	49.0	41	0.03390	210105
"sp|B3R678|SYM_CUPTR Methionine--tRNA ligase OS=Cupriavidus taiwanensis (strain DSM 17343 / BCRC 17206 / CCUG 44338 / CIP 107171 / LMG 19424 / R1) OX=977880 GN=metG PE=3 SV=1"	50.0	49.0	41	0.03390	228464
"sp|Q8BVC4|CCD68_MOUSE Coiled-coil domain-containing protein 68 OS=Mus musculus OX=10090 GN=Ccdc68 PE=2 SV=1"	50.0	48.0	41	0.03390	30138
"sp|Q8BVC4|CCD68_MOUSE Coiled-coil domain-containing protein 68 OS=Mus musculus OX=10090 GN=Ccdc68 PE=2 SV=1"	50.0	48.0	41	0.03390	30138
"sp|B0JNQ5|RL1_MICAN Large ribosomal subunit protein uL1 OS=Microcystis aeruginosa (strain NIES-843 / IAM M-2473) OX=449447 GN=rplA PE=3 SV=1"	50.0	47.0	41	0.03390	189572
"sp|B1VG41|SYE_CORU7 Glutamate--tRNA ligase OS=Corynebacterium urealyticum (strain ATCC 43042 / DSM 7109) OX=504474 GN=gltX PE=3 SV=1"	50.0	47.0	41	0.03390	224537
"sp|P0A637|SYE_MYCBO Glutamate--tRNA ligase OS=Mycobacterium bovis (strain ATCC BAA-935 / AF2122/97) OX=233413 GN=gltX PE=3 SV=1"	50.0	47.0	41	0.03390	224677
"sp|A1KMY6|SYE_MYCBP Glutamate--tRNA ligase OS=Mycobacterium bovis (strain BCG / Pasteur 1173P2) OX=410289 GN=gltX PE=3 SV=1"	50.0	47.0	41	0.03390	224678
"sp|A5U703|SYE_MYCTA Glutamate--tRNA ligase OS=Mycobacterium tuberculosis (strain ATCC 25177 / H37Ra) OX=419947 GN=gltX PE=3 SV=1"	50.0	47.0	41	0.03390	224693
"sp|P9WFV8|SYE_MYCTO Glutamate--tRNA ligase OS=Mycobacterium tuberculosis (strain CDC 1551 / Oshkosh) OX=83331 GN=gltX PE=3 SV=1"	50.0	47.0	41	0.03390	224694
"sp|P9WFV9|SYE_MYCTU Glutamate--tRNA ligase OS=Mycobacterium tuberculosis (strain ATCC 25618 / H37Rv) OX=83332 GN=gltX PE=1 SV=1"	50.0	47.0	41	0.03390	224695
"sp|Q54GG8|BZPI_DICDI Probable basic-leucine zipper transcription factor I OS=Dictyostelium discoideum OX=44689 GN=bzpI PE=3 SV=1"	50.0	47.0	41	0.03390	25781
"sp|B0JNQ5|RL1_MICAN Large ribosomal subunit protein uL1 OS=Microcystis aeruginosa (strain NIES-843 / IAM M-2473) OX=449447 GN=rplA PE=3 SV=1"	50.0	47.0	41	0.03390	189572
"sp|B1VG41|SYE_CORU7 Glutamate--tRNA ligase OS=Corynebacterium urealyticum (strain ATCC 43042 / DSM 7109) OX=504474 GN=gltX PE=3 SV=1"	50.0	47.0	41	0.03390	224537
"sp|P0A637|SYE_MYCBO Glutamate--tRNA ligase OS=Mycobacterium bovis (strain ATCC BAA-935 / AF2122/97) OX=233413 GN=gltX PE=3 SV=1"	50.0	47.0	41	0.03390	224677
"sp|A1KMY6|SYE_MYCBP Glutamate--tRNA ligase OS=Mycobacterium bovis (strain BCG / Pasteur 1173P2) OX=410289 GN=gltX PE=3 SV=1"	50.0	47.0	41	0.03390	224678
"sp|A5U703|SYE_MYCTA Glutamate--tRNA ligase OS=Mycobacterium tuberculosis (strain ATCC 25177 / H37Ra) OX=419947 GN=gltX PE=3 SV=1"	50.0	47.0	41	0.03390	224693
"sp|P9WFV8|SYE_MYCTO Glutamate--tRNA ligase OS=Mycobacterium tuberculosis (strain CDC 1551 / Oshkosh) OX=83331 GN=gltX PE=3 SV=1"	50.0	47.0	41	0.03390	224694
"sp|P9WFV9|SYE_MYCTU Glutamate--tRNA ligase OS=Mycobacterium tuberculosis (strain ATCC 25618 / H37Rv) OX=83332 GN=gltX PE=1 SV=1"	50.0	47.0	41	0.03390	224695
"sp|Q6FJZ6|ATG5_CANGA Autophagy protein 5 OS=Candida glabrata (strain ATCC 2001 / BCRC 20586 / JCM 3761 / NBRC 0622 / NRRL Y-65 / CBS 138) OX=284593 GN=ATG5 PE=3 SV=1"	49.0	49.0	41	0.03952	17674
"sp|P39475|DHE4_SACSH NADP-specific glutamate dehydrogenase OS=Saccharolobus shibatae (strain ATCC 51178 / DSM 5389 / JCM 8931 / NBRC 15437 / B12) OX=523848 GN=gdhA PE=3 SV=2"	49.0	49.0	41	0.03952	52689
"sp|B6HL48|MDM10_PENRW Mitochondrial distribution and morphology protein 10 OS=Penicillium rubens (strain ATCC 28089 / DSM 1075 / NRRL 1951 / Wisconsin 54-1255) OX=500485 GN=mdm10 PE=3 SV=1"	49.0	49.0	41	0.03952	123612
"sp|Q7SH49|NPL4_NEUCR Nuclear protein localization protein 4 OS=Neurospora crassa (strain ATCC 24698 / 74-OR23-1A / CBS 708.71 / DSM 1257 / FGSC 987) OX=367110 GN=npl4 PE=3 SV=2"	49.0	49.0	41	0.03952	146451
"sp|P39361|SGCR_ECOLI Putative sgc region transcriptional regulator OS=Escherichia coli (strain K12) OX=83333 GN=sgcR PE=4 SV=1"	49.0	49.0	41	0.03952	214278
"sp|Q6FJZ6|ATG5_CANGA Autophagy protein 5 OS=Candida glabrata (strain ATCC 2001 / BCRC 20586 / JCM 3761 / NBRC 0622 / NRRL Y-65 / CBS 138) OX=284593 GN=ATG5 PE=3 SV=1"	49.0	49.0	41	0.03952	17674
"sp|P39475|DHE4_SACSH NADP-specific glutamate dehydrogenase OS=Saccharolobus shibatae (strain ATCC 51178 / DSM 5389 / JCM 8931 / NBRC 15437 / B12) OX=523848 GN=gdhA PE=3 SV=2"	49.0	49.0	41	0.03952	52689
"sp|B6HL48|MDM10_PENRW Mitochondrial distribution and morphology protein 10 OS=Penicillium rubens (strain ATCC 28089 / DSM 1075 / NRRL 1951 / Wisconsin 54-1255) OX=500485 GN=mdm10 PE=3 SV=1"	49.0	49.0	41	0.03952	123612
"sp|Q7SH49|NPL4_NEUCR Nuclear protein localization protein 4 OS=Neurospora crassa (strain ATCC 24698 / 74-OR23-1A / CBS 708.71 / DSM 1257 / FGSC 987) OX=367110 GN=npl4 PE=3 SV=2"	49.0	49.0	41	0.03952	146451
"sp|P39361|SGCR_ECOLI Putative sgc region transcriptional regulator OS=Escherichia coli (strain K12) OX=83333 GN=sgcR PE=4 SV=1"	49.0	49.0	41	0.03952	214278
"sp|C3MZ63|GCH3_SULIA GTP cyclohydrolase III OS=Sulfolobus islandicus (strain M.16.27) OX=427318 GN=gch3 PE=3 SV=1"	49.0	48.0	41	0.03952	78096
"sp|C4KIE1|GCH3_SULIK GTP cyclohydrolase III OS=Sulfolobus islandicus (strain M.16.4 / Kamchatka #3) OX=426118 GN=gch3 PE=3 SV=1"	49.0	48.0	41	0.03952	78097
"sp|C3MR15|GCH3_SULIL GTP cyclohydrolase III OS=Sulfolobus islandicus (strain L.S.2.15 / Lassen #1) OX=429572 GN=gch3 PE=3 SV=1"	49.0	48.0	41	0.03952	78098
"sp|C3MX03|GCH3_SULIM GTP cyclohydrolase III OS=Sulfolobus islandicus (strain M.14.25 / Kamchatka #1) OX=427317 GN=gch3 PE=3 SV=1"	49.0	48.0	41	0.03952	78099
"sp|C3NGF2|GCH3_SULIN GTP cyclohydrolase III OS=Sulfolobus islandicus (strain Y.N.15.51 / Yellowstone #2) OX=419942 GN=gch3 PE=3 SV=1"	49.0	48.0	41	0.03952	78100
"sp|Q4G0J3|LARP7_HUMAN La-related protein 7 OS=Homo sapiens OX=9606 GN=LARP7 PE=1 SV=1"	49.0	48.0	41	0.03952	112184
"sp|Q4R627|LARP7_MACFA La-related protein 7 OS=Macaca fascicularis OX=9541 GN=LARP7 PE=2 SV=1"	49.0	48.0	41	0.03952	112185
"sp|C3MZ63|GCH3_SULIA GTP cyclohydrolase III OS=Sulfolobus islandicus (strain M.16.27) OX=427318 GN=gch3 PE=3 SV=1"	49.0	48.0	41	0.03952	78096
"sp|C4KIE1|GCH3_SULIK GTP cyclohydrolase III OS=Sulfolobus islandicus (strain M.16.4 / Kamchatka #3) OX=426118 GN=gch3 PE=3 SV=1"	49.0	48.0	41	0.03952	78097
"sp|C3MR15|GCH3_SULIL GTP cyclohydrolase III OS=Sulfolobus islandicus (strain L.S.2.15 / Lassen #1) OX=429572 GN=gch3 PE=3 SV=1"	49.0	48.0	41	0.03952	78098
"sp|C3MX03|GCH3_SULIM GTP cyclohydrolase III OS=Sulfolobus islandicus (strain M.14.25 / Kamchatka #1) OX=427317 GN=gch3 PE=3 SV=1"	49.0	48.0	41	0.03952	78099
"sp|C3NGF2|GCH3_SULIN GTP cyclohydrolase III OS=Sulfolobus islandicus (strain Y.N.15.51 / Yellowstone #2) OX=419942 GN=gch3 PE=3 SV=1"	49.0	48.0	41	0.03952	78100
"sp|Q4G0J3|LARP7_HUMAN La-related protein 7 OS=Homo sapiens OX=9606 GN=LARP7 PE=1 SV=1"	49.0	48.0	41	0.03952	112184
"sp|Q4R627|LARP7_MACFA La-related protein 7 OS=Macaca fascicularis OX=9541 GN=LARP7 PE=2 SV=1"	49.0	48.0	41	0.03952	112185
"sp|Q9N2I1|CASP1_PIG Caspase-1 OS=Sus scrofa OX=9823 GN=CASP1 PE=2 SV=1"	49.0	47.0	41	0.03952	28638
"sp|Q9LIR8|FBK67_ARATH F-box/kelch-repeat protein At3g23880 OS=Arabidopsis thaliana OX=3702 GN=At3g23880 PE=2 SV=1"	48.0	48.0	41	0.04602	69125
"sp|Q05CL8|LARP7_MOUSE La-related protein 7 OS=Mus musculus OX=10090 GN=Larp7 PE=1 SV=2"	48.0	48.0	41	0.04602	112186
"sp|Q5XI01|LARP7_RAT La-related protein 7 OS=Rattus norvegicus OX=10116 GN=Larp7 PE=1 SV=2"	48.0	48.0	41	0.04602	112187
"sp|Q50341|MGP3_MYCPN Mgp-operon protein 3 OS=Mycoplasma pneumoniae (strain ATCC 29342 / M129 / Subtype 1) OX=272634 GN=MPN_142 PE=1 SV=1"	48.0	48.0	41	0.04602	126664
"sp|G5EG61|PGP14_CAEEL P-glycoprotein 14 OS=Caenorhabditis elegans OX=6239 GN=pgp-14 PE=2 SV=1"	48.0	48.0	41	0.04602	162024
"sp|Q8BQ33|TICRR_MOUSE Treslin OS=Mus musculus OX=10090 GN=Ticrr PE=1 SV=2"	48.0	48.0	41	0.04602	237406
"sp|Q21SZ2|URE1_ALBFT Urease subunit alpha OS=Albidiferax ferrireducens (strain ATCC BAA-621 / DSM 15236 / T118) OX=338969 GN=ureC PE=3 SV=1"	48.0	48.0	41	0.04602	250097
"sp|Q3J770|URE1_NITOC Urease subunit alpha OS=Nitrosococcus oceani (strain ATCC 19707 / BCRC 17464 / JCM 30415 / NCIMB 11848 / C-107) OX=323261 GN=ureC PE=3 SV=1"	48.0	48.0	41	0.04602	250213
"sp|A1VKW3|URE1_POLNA Urease subunit alpha OS=Polaromonas naphthalenivorans (strain CJ2) OX=365044 GN=ureC PE=3 SV=1"	48.0	48.0	41	0.04602	250225
"sp|Q12DU3|URE1_POLSJ Urease subunit alpha OS=Polaromonas sp. (strain JS666 / ATCC BAA-500) OX=296591 GN=ureC PE=3 SV=1"	48.0	48.0	41	0.04602	250226
"sp|A2C4S2|URE1_PROM1 Urease subunit alpha OS=Prochlorococcus marinus (strain NATL1A) OX=167555 GN=ureC PE=3 SV=1"	48.0	48.0	41	0.04602	250228
"sp|A2CE01|URE1_PROM3 Urease subunit alpha OS=Prochlorococcus marinus (strain MIT 9303) OX=59922 GN=ureC PE=3 SV=1"	48.0	48.0	41	0.04602	250229
"sp|Q7V3V2|URE1_PROMM Urease subunit alpha OS=Prochlorococcus marinus (strain MIT 9313) OX=74547 GN=ureC PE=3 SV=1"	48.0	48.0	41	0.04602	250232
"sp|Q46IY3|URE1_PROMT Urease subunit alpha OS=Prochlorococcus marinus (strain NATL2A) OX=59920 GN=ureC PE=3 SV=1"	48.0	48.0	41	0.04602	250234
"sp|Q3AVR1|URE1_SYNS9 Urease subunit alpha OS=Synechococcus sp. (strain CC9902) OX=316279 GN=ureC PE=3 SV=1"	48.0	48.0	41	0.04602	250303
"sp|Q117Z3|URE1_TRIEI Urease subunit alpha OS=Trichodesmium erythraeum (strain IMS101) OX=203124 GN=ureC PE=3 SV=1"	48.0	48.0	41	0.04602	250309
"sp|P75599|Y093_MYCPN Putative MgpC-like protein MPN_093 OS=Mycoplasma pneumoniae (strain ATCC 29342 / M129 / Subtype 1) OX=272634 GN=MPN_093 PE=5 SV=1"	48.0	48.0	41	0.04602	259253
"sp|P75372|Y414_MYCPN Putative MgpC-like protein MPN_414 OS=Mycoplasma pneumoniae (strain ATCC 29342 / M129 / Subtype 1) OX=272634 GN=MPN_414 PE=5 SV=1"	48.0	48.0	41	0.04602	263725
"sp|P75319|Y464_MYCPN Putative MgpC-like protein MPN_464 OS=Mycoplasma pneumoniae (strain ATCC 29342 / M129 / Subtype 1) OX=272634 GN=MPN_464 PE=5 SV=1"	48.0	48.0	41	0.04602	264045
"sp|Q9LIR8|FBK67_ARATH F-box/kelch-repeat protein At3g23880 OS=Arabidopsis thaliana OX=3702 GN=At3g23880 PE=2 SV=1"	48.0	48.0	41	0.04602	69125
"sp|Q05CL8|LARP7_MOUSE La-related protein 7 OS=Mus musculus OX=10090 GN=Larp7 PE=1 SV=2"	48.0	48.0	41	0.04602	112186
"sp|Q5XI01|LARP7_RAT La-related protein 7 OS=Rattus norvegicus OX=10116 GN=Larp7 PE=1 SV=2"	48.0	48.0	41	0.04602	112187
"sp|Q50341|MGP3_MYCPN Mgp-operon protein 3 OS=Mycoplasma pneumoniae (strain ATCC 29342 / M129 / Subtype 1) OX=272634 GN=MPN_142 PE=1 SV=1"	48.0	48.0	41	0.04602	126664
"sp|G5EG61|PGP14_CAEEL P-glycoprotein 14 OS=Caenorhabditis elegans OX=6239 GN=pgp-14 PE=2 SV=1"	48.0	48.0	41	0.04602	162024
"sp|Q8BQ33|TICRR_MOUSE Treslin OS=Mus musculus OX=10090 GN=Ticrr PE=1 SV=2"	48.0	48.0	41	0.04602	237406
"sp|Q21SZ2|URE1_ALBFT Urease subunit alpha OS=Albidiferax ferrireducens (strain ATCC BAA-621 / DSM 15236 / T118) OX=338969 GN=ureC PE=3 SV=1"	48.0	48.0	41	0.04602	250097
"sp|Q3J770|URE1_NITOC Urease subunit alpha OS=Nitrosococcus oceani (strain ATCC 19707 / BCRC 17464 / JCM 30415 / NCIMB 11848 / C-107) OX=323261 GN=ureC PE=3 SV=1"	48.0	48.0	41	0.04602	250213
"sp|A1VKW3|URE1_POLNA Urease subunit alpha OS=Polaromonas naphthalenivorans (strain CJ2) OX=365044 GN=ureC PE=3 SV=1"	48.0	48.0	41	0.04602	250225
"sp|Q12DU3|URE1_POLSJ Urease subunit alpha OS=Polaromonas sp. (strain JS666 / ATCC BAA-500) OX=296591 GN=ureC PE=3 SV=1"	48.0	48.0	41	0.04602	250226
"sp|A2C4S2|URE1_PROM1 Urease subunit alpha OS=Prochlorococcus marinus (strain NATL1A) OX=167555 GN=ureC PE=3 SV=1"	48.0	48.0	41	0.04602	250228
"sp|A2CE01|URE1_PROM3 Urease subunit alpha OS=Prochlorococcus marinus (strain MIT 9303) OX=59922 GN=ureC PE=3 SV=1"	48.0	48.0	41	0.04602	250229
"sp|Q7V3V2|URE1_PROMM Urease subunit alpha OS=Prochlorococcus marinus (strain MIT 9313) OX=74547 GN=ureC PE=3 SV=1"	48.0	48.0	41	0.04602	250232
"sp|Q46IY3|URE1_PROMT Urease subunit alpha OS=Prochlorococcus marinus (strain NATL2A) OX=59920 GN=ureC PE=3 SV=1"	48.0	48.0	41	0.04602	250234
"sp|Q3AVR1|URE1_SYNS9 Urease subunit alpha OS=Synechococcus sp. (strain CC9902) OX=316279 GN=ureC PE=3 SV=1"	48.0	48.0	41	0.04602	250303
"sp|Q117Z3|URE1_TRIEI Urease subunit alpha OS=Trichodesmium erythraeum (strain IMS101) OX=203124 GN=ureC PE=3 SV=1"	48.0	48.0	41	0.04602	250309
"sp|P75599|Y093_MYCPN Putative MgpC-like protein MPN_093 OS=Mycoplasma pneumoniae (strain ATCC 29342 / M129 / Subtype 1) OX=272634 GN=MPN_093 PE=5 SV=1"	48.0	48.0	41	0.04602	259253
"sp|P75372|Y414_MYCPN Putative MgpC-like protein MPN_414 OS=Mycoplasma pneumoniae (strain ATCC 29342 / M129 / Subtype 1) OX=272634 GN=MPN_414 PE=5 SV=1"	48.0	48.0	41	0.04602	263725
"sp|P75319|Y464_MYCPN Putative MgpC-like protein MPN_464 OS=Mycoplasma pneumoniae (strain ATCC 29342 / M129 / Subtype 1) OX=272634 GN=MPN_464 PE=5 SV=1"	48.0	48.0	41	0.04602	264045
"sp|C3N783|GCH3_SULIY GTP cyclohydrolase III OS=Sulfolobus islandicus (strain Y.G.57.14 / Yellowstone #1) OX=439386 GN=gch3 PE=3 SV=1"	48.0	47.0	41	0.04602	78101
"sp|Q9V4C8|HCF_DROME Host cell factor OS=Drosophila melanogaster OX=7227 GN=Hcf PE=1 SV=2"	48.0	47.0	41	0.04602	90280
"sp|Q99661|KIF2C_HUMAN Kinesin-like protein KIF2C OS=Homo sapiens OX=9606 GN=KIF2C PE=1 SV=2"	48.0	47.0	41	0.04602	109801
"sp|B1W5F4|BIOB_STRGG Biotin synthase OS=Streptomyces griseus subsp. griseus (strain JCM 4626 / CBS 651.72 / NBRC 13350 / KCC S-0626 / ISP 5235) OX=455632 GN=bioB PE=3 SV=1"	48.0	47.0	41	0.04602	23694
"sp|C3N783|GCH3_SULIY GTP cyclohydrolase III OS=Sulfolobus islandicus (strain Y.G.57.14 / Yellowstone #1) OX=439386 GN=gch3 PE=3 SV=1"	48.0	47.0	41	0.04602	78101
"sp|Q9V4C8|HCF_DROME Host cell factor OS=Drosophila melanogaster OX=7227 GN=Hcf PE=1 SV=2"	48.0	47.0	41	0.04602	90280
"sp|Q99661|KIF2C_HUMAN Kinesin-like protein KIF2C OS=Homo sapiens OX=9606 GN=KIF2C PE=1 SV=2"	48.0	47.0	41	0.04602	109801
"sp|Q9LSB9|EREX_ARATH PX domain-containing protein EREX OS=Arabidopsis thaliana OX=3702 GN=EREX PE=1 SV=1"	47.0	47.0	40	0.05354	65403
"sp|Q3TMV7|PYRD1_MOUSE Pyridine nucleotide-disulfide oxidoreductase domain-containing protein 1 OS=Mus musculus OX=10090 GN=Pyroxd1 PE=2 SV=1"	47.0	47.0	40	0.05354	177430
"sp|Q6CJM4|RAD5_KLULA DNA repair protein RAD5 OS=Kluyveromyces lactis (strain ATCC 8585 / CBS 2359 / DSM 70799 / NBRC 1267 / NRRL Y-1140 / WM37) OX=284590 GN=RAD5 PE=1 SV=1"	47.0	47.0	40	0.05354	180026
"sp|O94810|RGS11_HUMAN Regulator of G-protein signaling 11 OS=Homo sapiens OX=9606 GN=RGS11 PE=1 SV=2"	47.0	47.0	40	0.05354	185521
"sp|P53127|SNT2_YEAST E3 ubiquitin-protein ligase SNT2 OS=Saccharomyces cerevisiae (strain ATCC 204508 / S288c) OX=559292 GN=SNT2 PE=1 SV=1"	47.0	47.0	40	0.05354	216772
"sp|A1R7K6|SYE_PAEAT Glutamate--tRNA ligase OS=Paenarthrobacter aurescens (strain TC1) OX=290340 GN=gltX PE=3 SV=1"	47.0	47.0	40	0.05354	224720
"sp|Q1IBP0|URE1_PSEE4 Urease subunit alpha OS=Pseudomonas entomophila (strain L48) OX=384676 GN=ureC PE=3 SV=1"	47.0	47.0	40	0.05354	250239
"sp|B1J815|URE1_PSEPW Urease subunit alpha OS=Pseudomonas putida (strain W619) OX=390235 GN=ureC PE=3 SV=1"	47.0	47.0	40	0.05354	250245
"sp|P27382|VP11_BPPRD Infectivity protein P11 OS=Enterobacteria phage PRD1 OX=10658 GN=XI PE=1 SV=2"	47.0	47.0	40	0.05354	255105
"sp|B1MH79|Y3886_MYCA9 Putative S-adenosyl-L-methionine-dependent methyltransferase MAB_3886c OS=Mycobacteroides abscessus (strain ATCC 19977 / DSM 44196 / CCUG 20993 / CIP 104536 / JCM 13569 / NCTC 13031 / TMC 1543 / L948) OX=561007 GN=MAB_3886c PE=3 SV=1"	47.0	47.0	40	0.05354	263527
"sp|A8EXL6|DAPB_RICCK 4-hydroxy-tetrahydrodipicolinate reductase OS=Rickettsia canadensis (strain McKiel) OX=293613 GN=dapB PE=3 SV=1"	47.0	47.0	40	0.05354	48348
"sp|Q9LSB9|EREX_ARATH PX domain-containing protein EREX OS=Arabidopsis thaliana OX=3702 GN=EREX PE=1 SV=1"	47.0	47.0	40	0.05354	65403
"sp|Q3TMV7|PYRD1_MOUSE Pyridine nucleotide-disulfide oxidoreductase domain-containing protein 1 OS=Mus musculus OX=10090 GN=Pyroxd1 PE=2 SV=1"	47.0	47.0	40	0.05354	177430
"sp|Q6CJM4|RAD5_KLULA DNA repair protein RAD5 OS=Kluyveromyces lactis (strain ATCC 8585 / CBS 2359 / DSM 70799 / NBRC 1267 / NRRL Y-1140 / WM37) OX=284590 GN=RAD5 PE=1 SV=1"	47.0	47.0	40	0.05354	180026
"sp|O94810|RGS11_HUMAN Regulator of G-protein signaling 11 OS=Homo sapiens OX=9606 GN=RGS11 PE=1 SV=2"	47.0	47.0	40	0.05354	185521
"sp|P53127|SNT2_YEAST E3 ubiquitin-protein ligase SNT2 OS=Saccharomyces cerevisiae (strain ATCC 204508 / S288c) OX=559292 GN=SNT2 PE=1 SV=1"	47.0	47.0	40	0.05354	216772
"sp|A1R7K6|SYE_PAEAT Glutamate--tRNA ligase OS=Paenarthrobacter aurescens (strain TC1) OX=290340 GN=gltX PE=3 SV=1"	47.0	47.0	40	0.05354	224720
"sp|Q1IBP0|URE1_PSEE4 Urease subunit alpha OS=Pseudomonas entomophila (strain L48) OX=384676 GN=ureC PE=3 SV=1"	47.0	47.0	40	0.05354	250239
"sp|B1J815|URE1_PSEPW Urease subunit alpha OS=Pseudomonas putida (strain W619) OX=390235 GN=ureC PE=3 SV=1"	47.0	47.0	40	0.05354	250245
"sp|P27382|VP11_BPPRD Infectivity protein P11 OS=Enterobacteria phage PRD1 OX=10658 GN=XI PE=1 SV=2"	47.0	47.0	40	0.05354	255105
"sp|B1MH79|Y3886_MYCA9 Putative S-adenosyl-L-methionine-dependent methyltransferase MAB_3886c OS=Mycobacteroides abscessus (strain ATCC 19977 / DSM 44196 / CCUG 20993 / CIP 104536 / JCM 13569 / NCTC 13031 / TMC 1543 / L948) OX=561007 GN=MAB_3886c PE=3 SV=1"	47.0	47.0	40	0.05354	263527
